v_inf,alpha,cl,cdp,cm4c,cl_design,cdp_design,cm4c_design
14.207,-0.08726646259971647,0.055438178635612116,0.008620555267122944,-0.023831461938737315,-0.3006,0.00282,-0.0565
14.207,0.0,0.17956224832235837,0.0002835617182282493,-0.03520655632453823,0.2442,0.00122,-0.0525
14.207,0.03490658503988659,0.22980394705259632,0.00013199959007954322,-0.0400346500677177,0.4549,0.00168,-0.0482
14.207,0.06981317007977318,0.28000155317637293,0.0018648060080463935,-0.044986760555350704,0.7153,0.00236,-0.0566
14.207,0.10471975511965977,0.3298956294645123,0.005494203186430988,-0.05003876160292586,0.9016,0.00381,-0.0497
14.207,0.13962634015954636,0.3792266964409252,0.011009298298307803,-0.055166040369164795,1.0885,0.00642,-0.044
14.207,0.17453292519943295,0.4277377254210722,0.018376167644006576,-0.06034361726731069,1.2696,0.0097,-0.0378
