alpha,cl,cdp,cm4c,cl_design,cdp_design,cm4c_design
0.0,0.4758635510944887,0.007815031180556287,0.08393750611482137,0.2442,0.00122,-0.0525
0.03490658503988659,0.7046201377020771,0.0060218982894016055,0.08873996145314765,0.4549,0.00168,-0.0482
0.06981317007977318,0.9302843439649302,0.006333307683331652,0.09324537268668591,0.7153,0.00236,-0.0566
0.10471975511965977,1.1523727189265922,0.008503803763124013,0.09743178990495253,0.9016,0.00381,-0.0497
0.13962634015954636,1.3704329279289087,0.012265212836160192,0.1012788173039012,1.0885,0.00642,-0.044
0.17453292519943295,1.5840462950491736,0.017329879039082993,0.10476771255281347,1.2696,0.0097,-0.0378
