alpha,cl,cdp,cm4c,cl_design,cdp_design,cm4c_design
0.0,0.5540530242001345,-0.0038155920227336054,0.06587319995730216,0.2442,0.00122,-0.0525
0.03490658503988659,0.7719620081423927,-0.00451226113082853,0.07287945107029697,0.4549,0.00168,-0.0482
0.06981317007977318,0.9870666050252495,-0.003452924076169817,0.07949108940626412,0.7153,0.00236,-0.0566
0.10471975511965977,1.1989319755270984,-0.0008432884617916818,0.08567590372787466,0.9016,0.00381,-0.0497
0.13962634015954636,1.4071495406544408,0.003092110004982883,0.09140376224146192,1.0885,0.00642,-0.044
0.17453292519943295,1.611339127934135,0.008112606300304104,0.09664675939609003,1.2696,0.0097,-0.0378
