alpha,cl,cdp,cm4c,cl_design,cdp_design,cm4c_design
0.0,-1.3855162153871414,1.2308144050305023,0.07376243030116303,0.2442,0.00122,-0.0525
0.03490658503988659,-0.8113572149512209,0.6812285456849965,-0.08103299647562612,0.4549,0.00168,-0.0482
0.06981317007977318,-0.3643829534233002,0.32074395367746333,-0.13733362168544028,0.7153,0.00236,-0.0566
0.10471975511965977,-0.0642890741802868,0.13536160761657198,-0.09486515434170813,0.9016,0.00381,-0.0497
0.13962634015954636,0.07102184667547239,0.10894641271180354,0.046165503451657715,1.0885,0.00642,-0.044
0.17453292519943295,0.02565425042837154,0.22342611294396153,0.2850712645061742,1.2696,0.0097,-0.0378
