v_inf,alpha,cl,cdp,cm4c,cl_design,cdp_design,cm4c_design
14.207,-0.08726646259971647,-0.35612626303535255,-0.016054771050697362,0.11020206086308422,-0.3006,0.00282,-0.0565
14.207,0.0,-0.3060456698426163,-0.027088125901617025,0.11480116123940165,0.2442,0.00122,-0.0525
14.207,0.03490658503988659,-0.28482805044619974,-0.03239683206346194,0.11600868303874631,0.4549,0.00168,-0.0482
14.207,0.06981317007977318,-0.2628894656670809,-0.03815647770694268,0.11684517134970365,0.7153,0.00236,-0.0566
14.207,0.10471975511965977,-0.24020743100134098,-0.04431827104383871,0.11730655088530616,0.9016,0.00381,-0.0497
14.207,0.13962634015954636,-0.2167650039490045,-0.050828014986667405,0.11739057385083437,1.0885,0.00642,-0.044
14.207,0.17453292519943295,-0.19255129305152008,-0.05762668472370555,0.11709683089484552,1.2696,0.0097,-0.0378
