v_inf,alpha,cl,cdp,cm4c,cl_design,cdp_design,cm4c_design
14.207,0.0,0.24284634740587235,-0.006207980030281219,-0.04654960297105721,0.2442,0.00122,-0.0525
14.207,0.03490658503988659,0.28176428541950965,-0.008896538158704115,-0.04777902511964606,0.4549,0.00168,-0.0482
14.207,0.06981317007977318,0.3202437679052844,-0.009686627992393691,-0.048810205307519935,0.7153,0.00236,-0.0566
14.207,0.10471975511965977,0.3580411239046669,-0.008597575443884925,-0.049638119728457906,0.9016,0.00381,-0.0497
14.207,0.13962634015954636,0.39491671228671954,-0.005671454846920158,-0.050258734866622495,1.0885,0.00642,-0.044
14.207,0.17453292519943295,0.43063733473604165,-0.0009725912573153722,-0.050669027147444874,1.2696,0.0097,-0.0378
