v_inf,alpha,cl,cdp,cm4c,cl_design,cdp_design,cm4c_design
14.207,-0.08726646259971647,-0.11556369238938204,0.0025411223022254736,0.0036423821059804167,-0.3006,0.00282,-0.0565
14.207,0.0,0.0183590011472681,-0.0052056614262695165,-0.006281126501001603,0.2442,0.00122,-0.0525
14.207,0.03490658503988659,0.07214276437513176,-0.003825802839995013,-0.010250232973051566,0.4549,0.00168,-0.0482
14.207,0.06981317007977318,0.12554950767524015,0.00010383777208958396,-0.014190142408244913,0.7153,0.00236,-0.0566
14.207,0.10471975511965977,0.17824970944118348,0.006534308509238444,-0.018081659963851703,0.9016,0.00381,-0.0497
14.207,0.13962634015954636,0.2299207740037368,0.015386209590165435,-0.021905826557514996,1.0885,0.00642,-0.044
14.207,0.17453292519943295,0.2802502556234676,0.026550574173227953,-0.025644011233994367,1.2696,0.0097,-0.0378
