alpha,cl,cdp,cm4c,cl_design,cdp_design,cm4c_design
0.0,0.5746115177820734,-0.0076816275895903625,0.11936966487551474,0.2442,0.00122,-0.0525
0.03490658503988659,0.7988726629517571,-0.0038014290451103046,0.12759977923766772,0.4549,0.00168,-0.0482
0.06981317007977318,1.0202329387577573,0.0030503572688013745,0.13536541298304264,0.7153,0.00236,-0.0566
0.10471975511965977,1.2381230798265643,0.012647644688586967,0.14262873272449916,0.9016,0.00381,-0.0497
0.13962634015954636,1.4520024495999004,0.02473088057819301,0.14935435229830887,1.0885,0.00642,-0.044
0.17453292519943295,1.6613627138480447,0.039010078158284375,0.15550950516212284,1.2696,0.0097,-0.0378
