alpha,cl,cdp,cm4c,cl_design,cdp_design,cm4c_design
0.0,0.38034920234658925,0.002631249992145137,0.038197853167566784,0.2442,0.00122,-0.0525
0.03490658503988659,0.5704714062358202,0.006123930049149945,0.04691924180831384,0.4549,0.00168,-0.0482
0.06981317007977318,0.764984210575339,0.009875130279184768,0.05512020070960905,0.7153,0.00236,-0.0566
0.10471975511965977,0.963594969241307,0.01441041664573677,0.06276077562406053,0.9016,0.00381,-0.0497
0.13962634015954636,1.1659509339824419,0.02024567739428599,0.06980374243860789,1.0885,0.00642,-0.044
0.17453292519943295,1.3716408978269488,0.027880781804074217,0.07621478852697491,1.2696,0.0097,-0.0378
