v_inf,alpha,cl,cdp,cm4c,cl_design,cdp_design,cm4c_design
14.207,-0.08726646259971647,-0.43006780782103454,-0.059780848700477125,0.01873187135565208,-0.3006,0.00282,-0.0565
14.207,0.0,-0.32792010907168273,-0.08887065863254485,0.01728917120447323,0.2442,0.00122,-0.0525
14.207,0.03490658503988659,-0.2871940886742234,-0.10076558052882123,0.015327671764530648,0.4549,0.00168,-0.0482
14.207,0.06981317007977318,-0.24657440018655546,-0.11286274574693769,0.01258724743614946,0.7153,0.00236,-0.0566
14.207,0.10471975511965977,-0.20607406028151604,-0.12519332471630396,0.009081249291191355,0.9016,0.00381,-0.0497
14.207,0.13962634015954636,-0.16570134122916236,-0.13778413961463432,0.004826758200196575,1.0885,0.00642,-0.044
14.207,0.17453292519943295,-0.12546021080246156,-0.15065717322570255,-0.00015549838389940923,1.2696,0.0097,-0.0378
