v_inf,alpha,cl,cdp,cm4c,cl_design,cdp_design,cm4c_design
14.207,0.0,0.019190245430512218,-0.06907647790276294,0.003101285053658552,0.2442,0.00122,-0.0525
14.207,0.03490658503988659,0.05932650971309919,-0.07588274530831683,-0.00026505632741347096,0.4549,0.00168,-0.0482
14.207,0.06981317007977318,0.09953240833075708,-0.08157191839978789,-0.003623384088146657,0.7153,0.00236,-0.0566
14.207,0.10471975511965977,0.13965107482110728,-0.08612784478732703,-0.006957336793268742,0.9016,0.00381,-0.0497
14.207,0.13962634015954636,0.17952537613041653,-0.089547079996722,-0.010250671760328062,1.0885,0.00642,-0.044
14.207,0.17453292519943295,0.21899929011649125,-0.09183886858976772,-0.013487344192409972,1.2696,0.0097,-0.0378
