v_inf,alpha,cl,cdp,cm4c,cl_design,cdp_design,cm4c_design
14.207,0.0,-0.13889062695233284,0.2771794965106515,-0.013300869350666919,0.2442,0.00122,-0.0525
14.207,0.03490658503988659,-0.11693038332850021,0.2621778001050442,-0.012876359056883275,0.4549,0.00168,-0.0482
14.207,0.06981317007977318,-0.09401774483816426,0.24681219582780228,-0.012571609321340053,0.7153,0.00236,-0.0566
14.207,0.10471975511965977,-0.07018041399308282,0.23118630906557305,-0.012388104854114991,0.9016,0.00381,-0.0497
14.207,0.13962634015954636,-0.04545609603167161,0.21540363946741664,-0.012326739670526901,1.0885,0.00642,-0.044
14.207,0.17453292519943295,-0.019892358066001342,0.19956650946403606,-0.012387812735581566,1.2696,0.0097,-0.0378
