alpha,cl,cdp,cm4c,cl_design,cdp_design,cm4c_design
0.0,0.23880409360432972,-0.001577210049539685,0.04379217940628224,0.2442,0.00122,-0.0525
0.03490658503988659,0.296026337614662,-0.0021248286676296066,0.0469111087900755,0.4549,0.00168,-0.0482
0.06981317007977318,0.3533386709541075,-0.0017875137531497588,0.049853712836859285,0.7153,0.00236,-0.0566
0.10471975511965977,0.4105765679658883,-0.0005233934538266469,0.05260565547562278,0.9016,0.00381,-0.0497
0.13962634015954636,0.46757169269739457,0.0016981444996044676,0.05515352951832961,1.0885,0.00642,-0.044
0.17453292519943295,0.5241531842784353,0.004896063228899586,0.057484921978791466,1.2696,0.0097,-0.0378
