v_inf,alpha,cl,cdp,cm4c,cl_design,cdp_design,cm4c_design
14.207,-0.08726646259971647,0.17990786289937885,-0.013553294596457445,-0.086631798369389,-0.3006,0.00282,-0.0565
14.207,0.0,0.28641391869271593,-0.00555735664962748,-0.09370622802729354,0.2442,0.00122,-0.0525
14.207,0.03490658503988659,0.3270042176465129,0.0006532631295398574,-0.09613935351947706,0.4549,0.00168,-0.0482
14.207,0.06981317007977318,0.3661098903648357,0.008427862041365412,-0.09832740744363225,0.7153,0.00236,-0.0566
14.207,0.10471975511965977,0.40352567951725965,0.017634854820282746,-0.10025972982098297,0.9016,0.00381,-0.0497
14.207,0.13962634015954636,0.4390620143533785,0.028125104943562865,-0.10192690657114309,1.0885,0.00642,-0.044
14.207,0.17453292519943295,0.4725468191994593,0.03973361740303326,-0.1033208153765697,1.2696,0.0097,-0.0378
