v_inf,alpha,cl,cdp,cm4c,cl_design,cdp_design,cm4c_design
14.207,-0.08726646259971647,-0.058431313316531876,-0.001955946018667211,-0.015024717182999442,-0.3006,0.00282,-0.0565
14.207,0.0,0.07424491465821953,-0.009400309063386392,-0.024653279941003935,0.2442,0.00122,-0.0525
14.207,0.03490658503988659,0.1281043431193582,-0.007969016271495145,-0.028478299532231497,0.4549,0.00168,-0.0482
14.207,0.06981317007977318,0.1819179468025537,-0.0039651949238100215,-0.03226021567737776,0.7153,0.00236,-0.0566
14.207,0.10471975511965977,0.23535167056874035,0.002603761875574543,-0.035980603261140574,0.9016,0.00381,-0.0497
14.207,0.13962634015954636,0.2880736558246602,0.011699284568566372,-0.03962133692918371,1.0885,0.00642,-0.044
14.207,0.17453292519943295,0.33975756749606967,0.023252009024877604,-0.043164679393041916,1.2696,0.0097,-0.0378
