v_inf,alpha,cl,cdp,cm4c,cl_design,cdp_design,cm4c_design
14.207,0.0,0.2647864775897584,-0.008038061665236365,-0.0486389722659432,0.2442,0.00122,-0.0525
14.207,0.03490658503988659,0.318263602840911,-0.0029510242256531854,-0.05262497249876194,0.4549,0.00168,-0.0482
14.207,0.06981317007977318,0.37074918977051874,0.004515212474461128,-0.05647656859840272,0.7153,0.00236,-0.0566
14.207,0.10471975511965977,0.42193428213877077,0.014275425644666127,-0.06017499597582926,0.9016,0.00381,-0.0497
14.207,0.13962634015954636,0.47152080772046273,0.026216404080197604,-0.06370223626462317,1.0885,0.00642,-0.044
14.207,0.17453292519943295,0.5192245239599487,0.040198196174283156,-0.06704110510465457,1.2696,0.0097,-0.0378
