alpha,cl,cdp,cm4c,cl_design,cdp_design,cm4c_design
0.0,0.1770408052605292,0.008488588867552656,-0.039552448162504354,0.2442,0.00122,-0.0525
0.03490658503988659,0.4018793457150058,0.000641100742327436,-0.04391015168387171,0.4549,0.00168,-0.0482
0.06981317007977318,0.6231062772181227,-0.0006173181765172072,-0.04810854400484975,0.7153,0.00236,-0.0566
0.10471975511965977,0.8397803444451318,0.004352429548152146,-0.052127170980011295,0.9016,0.00381,-0.0497
0.13962634015954636,1.0510074036640702,0.015113624435027189,-0.055946454262734764,1.0885,0.00642,-0.044
0.17453292519943295,1.2559484162738184,0.031158980611220764,-0.05954778668873858,1.2696,0.0097,-0.0378
