v_inf,alpha,cl,cdp,cm4c,cl_design,cdp_design,cm4c_design
14.207,-0.08726646259971647,0.11986333682623648,0.007201043310930841,-0.03575013851628883,-0.3006,0.00282,-0.0565
14.207,0.0,0.23926234400391708,0.0027433452805556147,-0.04850619549308156,0.2442,0.00122,-0.0525
14.207,0.03490658503988659,0.28727092416535793,0.003550545121109262,-0.05384404693073136,0.4549,0.00168,-0.0482
14.207,0.06981317007977318,0.33509733285365073,0.005885617815619675,-0.05927776176479261,0.7153,0.00236,-0.0566
14.207,0.10471975511965977,0.38252222323011886,0.00975486726727745,-0.06478086748278902,0.9016,0.00381,-0.0497
14.207,0.13962634015954636,0.42932666373184286,0.015145840895723899,-0.0703265535068325,1.0885,0.00642,-0.044
14.207,0.17453292519943295,0.47529417041713135,0.0220274295931814,-0.07588780181206464,1.2696,0.0097,-0.0378
