v_inf,alpha,cl,cdp,cm4c,cl_design,cdp_design,cm4c_design
14.207,-0.08726646259971647,0.07051563877730571,0.08968641983690225,-0.06380768579726025,-0.3006,0.00282,-0.0565
14.207,0.0,0.16822618611873463,0.09175299165352228,-0.08436900732603878,0.2442,0.00122,-0.0525
14.207,0.03490658503988659,0.2075692652761057,0.09330306708420108,-0.09202372735618526,0.4549,0.00168,-0.0482
14.207,0.06981317007977318,0.2469028487810124,0.09531017289605678,-0.09929596762394116,0.7153,0.00236,-0.0566
14.207,0.10471975511965977,0.28611802637483025,0.09779417911381946,-0.10615029850572497,0.9016,0.00381,-0.0497
14.207,0.13962634015954636,0.3251040335670865,0.10076787746849822,-0.11255332639047526,1.0885,0.00642,-0.044
14.207,0.17453292519943295,0.36374907668190315,0.10423679250610274,-0.11847385636996803,1.2696,0.0097,-0.0378
