v_inf,alpha,cl,cdp,cm4c,cl_design,cdp_design,cm4c_design
14.207,-0.08726646259971647,-0.0035850634657598364,0.012673533523612474,-0.01243734158983351,-0.3006,0.00282,-0.0565
14.207,0.0,0.11939148931544587,-0.0013503421514330233,-0.023356953883989916,0.2442,0.00122,-0.0525
14.207,0.03490658503988659,0.16949514529027684,-0.0037658903465608044,-0.02799334753973435,0.4549,0.00168,-0.0482
14.207,0.06981317007977318,0.21973649169877502,-0.004269540405713788,-0.03274971224418955,0.7153,0.00236,-0.0566
14.207,0.10471975511965977,0.269853063486762,-0.0028351490659487624,-0.03760287546662342,0.9016,0.00381,-0.0497
14.207,0.13962634015954636,0.3195809815332676,0.0005398891353985621,-0.04252919308365465,1.0885,0.00642,-0.044
14.207,0.17453292519943295,0.36865749628274086,0.005834590993458129,-0.04750466457104469,1.2696,0.0097,-0.0378
