v_inf,alpha,cl,cdp,cm4c,cl_design,cdp_design,cm4c_design
14.207,-0.08726646259971647,-0.07566013361187991,0.02122510769111733,0.01827092711157747,-0.3006,0.00282,-0.0565
14.207,0.0,-0.004001809657648435,-0.00203890970955287,0.013103663684561012,0.2442,0.00122,-0.0525
14.207,0.03490658503988659,0.026838125147140818,-0.01196656271197822,0.010738824561442713,0.4549,0.00168,-0.0482
14.207,0.06981317007977318,0.058908967126261313,-0.02203675629051479,0.008220564496408275,0.7153,0.00236,-0.0566
14.207,0.10471975511965977,0.09218114424792052,-0.032104278026000806,0.005561152199359806,0.9016,0.00381,-0.0497
14.207,0.13962634015954636,0.1266096724156915,-0.04202365387116175,0.0027735440596855284,1.0885,0.00642,-0.044
14.207,0.17453292519943295,0.16213425899777675,-0.05165078484659062,-0.00012867897596763496,1.2696,0.0097,-0.0378
